VillageId,Stage,WorldRuid,IconRuid,FlipY,GroundOffset,BarOffset,Enabled,FlipX,Scale,#Note
HENESYS,TOWER,b83044e560ec49f9b1fbac7d7c64351a,b772211b0bb34681828c6d4be5a566c5,false,1.125,1.2,true,true,0.47,WO-040 조각 0 시험: 새 그림 fac_E18-7-1_normal_0007 (536x508 · 50% 축소 · Scale 0.47 → 높이 2.31 · Ground · Bar 는 옛 값 그대로) · 아이콘은 옛 Henesis_Tower 그대로 · 조각 2 에서 새 표로 정리
HENESYS,SUPPRESSOR,22a34f74e1d445d6bfe4e95c4cb21b15,b3d441e112dd4423ad29849b23c36645,false,1.496,1.677,true,true,0.507,WO-040 새 그림 fac_E18-8-1_normal_0011 (592x640 · 50% 축소) · 옛 b3d441e1 Henesys_Inhibitor_Crossbow (Scale 0.25 · Ground 1.51 · Bar 1.68) · M1 이 옛 그림과 나란히 놓고 맞춤 · 아이콘은 옛 그림 그대로
HENESYS,CORE,e46f1fd8297f481bbe41a33ff7db0c84,ca23c8d486c14f4baf199aa077f8f301,false,1.368,1.493,true,true,0.503,WO-040 새 그림 fac_E18-9-1_normal_0007 (580x576 · 50% 축소) · 옛 ca23c8d4 Henesis_Nexus (Scale 0.25 · Ground 1.125 · Bar 1.2) · M1 이 옛 그림과 나란히 놓고 맞춤 · 아이콘은 옛 그림 그대로
ELLINIA,TOWER,77e1061a497c48deb545d642fd350224,c581bd557cd2480b8fa7f415866efd2e,false,1.781,1.894,true,false,0.362,WO-040 새 그림 fac_E18-7-4_normal_0009 (992x1012 · 50% 축소) · 옛 c581bd55 Ellinia_Tower (Scale 0.25 · Ground 1.77 · Bar 1.86) · M2 가 옛 그림 전체 높이에 맞춤 · 아이콘은 옛 그림 그대로
ELLINIA,SUPPRESSOR,a884f0db3d0146b5af498d02f9dbc52d,0784f6d949344f4e8cfdf5758229eeb8,false,1.312,1.531,true,false,0.32,WO-040 새 그림 fac_E18-8-4_normal_0004 (712x920 · 50% 축소) · 옛 0784f6d9 Ellinia_Inhibitor (Scale 0.25 · Ground 1.35 · Bar 1.5) · M2 가 옛 그림 전체 높이에 맞춤 · 아이콘은 옛 그림 그대로
ELLINIA,CORE,663cffa609ff4a3b9897f27a09396323,6de3ebd17c5d458d914e46e90c05e9ee,false,1.739,1.829,true,false,0.649,WO-040 새 그림 fac_E18-9-4_normal_0004 (564x548 · 50% 축소) · 옛 6de3ebd1 Ellinia_Nexus (Scale 0.25 · Ground 1.65 · Bar 1.78) · M2 가 옛 그림 전체 높이에 맞춤 · 아이콘은 옛 그림 그대로
KERNING,TOWER,0ed7348216a24d139dc47f39987d4c23,72f6f0c427c14b01afbf86e67f00ca25,false,1.639,1.823,true,true,0.509,WO-040 새 그림 fac_E18-7-2_normal_0007 (796x700 · 50% 축소) · 옛 72f6f0c4 KerningCity_Tower (Scale 0.25 · Ground 1.125 · Bar 1.2) · M1 이 옛 그림과 나란히 놓고 맞춤 · 아이콘은 옛 그림 그대로
KERNING,SUPPRESSOR,a26899e27aba41dcb1956ea68da2f500,2c9da21c5bc04e93a3b3dd33d3704c14,false,1.623,1.753,true,true,0.501,WO-040 새 그림 fac_E18-8-2_normal_0007 (516x680 · 50% 축소) · 옛 2c9da21c KerningCity_Inhibitor (Scale 0.25 · Ground 1.64 · Bar 1.2) · M1 이 옛 그림과 나란히 놓고 맞춤 · 아이콘은 옛 그림 그대로
KERNING,CORE,a580aa1f239247539dc316a892a76b5f,ab1b1a7778244f94b16595316f1d2798,false,1.435,1.535,true,true,0.507,WO-040 새 그림 fac_E18-9-2_normal_0007 (576x588 · 50% 축소) · 옛 ab1b1a77 KerningCity_Nexus (Scale 0.25 · Ground 1.44 · Bar 1.55) · M1 이 옛 그림과 나란히 놓고 맞춤 · 아이콘은 옛 그림 그대로
PERION,TOWER,71fa676a5b684b29954dd91e2594f9d5,3e9679c4b87f4acb8b92aaaa2ded97dd,false,1.804,1.907,true,false,0.511,WO-040 새 그림 fac_E18-7-3_normal_0014 (1116x728 · 50% 축소) · 옛 3e9679c4 Perion_Tower (Scale 0.25 · Ground 1.125 · Bar 1.2) · M2 가 옛 그림 전체 높이에 맞춤 · 아이콘은 옛 그림 그대로 · 2026-10-05 WO-049 ⑮ 사냥터2 좌→우 · 포탑이 왼쪽을 본다(FlipX false · 새 그림이 왼쪽을 봄)
PERION,SUPPRESSOR,86d221cc2494422fb0fdd16183eb881a,dcaedc41029e41578efe4c11bca49db5,false,1.518,1.673,true,true,0.518,WO-040 새 그림 fac_E18-8-3_normal_0003 (516x624 · 50% 축소) · 옛 dcaedc41 Perion_Inhibitor (Scale 0.25 · Ground 1.125 · Bar 1.2) · M2 가 옛 그림 전체 높이에 맞춤 · 아이콘은 옛 그림 그대로
PERION,CORE,1508bb6d58874931931f5dd8078122d2,05ca7f975bf94f4aa7e9dd53502530e9,false,1.232,1.369,true,true,0.537,WO-040 새 그림 fac_E18-9-3_normal_0003 (560x492 · 50% 축소) · 옛 05ca7f97 Perion_Nexus (Scale 0.25 · Ground 1.125 · Bar 1.2) · M2 가 옛 그림 전체 높이에 맞춤 · 아이콘은 옛 그림 그대로
NAUTILUS,TOWER,ebf030bea2a04dcb8ba089621dc5520d,2cb00b5489fb4aad86bccf022a605fc0,false,1.03,1.397,true,false,0.818,WO-040 새 그림 fac_E18-7-5b_normal_0017 (376x352 · 축소 없음) · 옛 2cb00b54 Nautilus_Tower (Scale 0.25 · Ground 1.36 · Bar 1.16) · M3 가 새 3연사 그림을 지난 M2 그림의 높이 · 바닥선에 맞춤 · 아이콘은 옛 그림 그대로 · WO-040 3차 Ground 1.276 → 1.03(몸체 바닥을 발판선에 · 물보라는 발판 쪽)
NAUTILUS,SUPPRESSOR,825343cc71f24efb84ff06cbf27adab4,0b55fd5e9ae94522b5dbbe1d9e6f8a2f,false,1.17,1.558,true,false,0.575,WO-040 새 그림 fac_E18-8-5_normal_0004 (404x528 · 50% 축소) · 옛 0b55fd5e Nautilus_Inhibitor (Scale 0.25 · Ground 1.31 · Bar 1.37) · M2 가 옛 그림 전체 높이에 맞춤 · 아이콘은 옛 그림 그대로 · WO-040 3차 Ground 1.42 → 1.17(몸체 바닥을 발판선에 · 물보라는 발판 쪽)
NAUTILUS,CORE,8adca861d2d8489682616316a3a3f50f,dab6ddee82db4d34ab48608d6103f4f2,false,2.9,1.15,true,false,1.308,임시 gran_helisium 104×172 · Scale 1.308 → 높이 2.25 · 월드 RUID 를 UI 에 쓰면 LEA-3044 라 아이콘은 별도 · WO-040 M2: 그림은 알파 0(HIDDEN) · Ground 2.9 / Bar 1.15 는 노틸러스호 크기에 맞춘 피격 · 클릭 상자 높이(옛 1.112 / 1.213)
