VillageId,Stage,Level,Mode,BallRuid,Ball2Ruid,HitRuid,CastRuid,CountMin,CountMax,IntervalSec,Scale,HitScale,FlightSec,ArcHeight,StickSec,LaunchOffsetX,LaunchOffsetY,CastOffsetX,CastOffsetY,CastFlipX,FaceDeg,Enabled,SplitHits,HitStartFrame,HitOffsetX,HitOffsetY,HitFlipX,CastTrimSec,LaunchAdjX,LaunchAdjY,BallStartFrame,#Note
HENESYS,TOWER,1,SHOT,21360dd335dc4c3abb83c3de41001978,,ac818eba02d946458e45a778e41cbaf6,,3,4,0,0.4,0.5,0.45,1.2,0,0.7,0.18,0,0,false,180,true,false,0,0,0,false,,,,,H-2 애로우 블로우 강화(321) · 화살 3~4개 겹쳐서 (사용자 2026-09-14) · Scale 은 실물 보고 조정
HENESYS,TOWER,2,SHOT,ca66b992cea9400eab7d6d202bcb7a60,,e9f79919864b460dbb45c8592c64a336,,6,8,0,0.6,0.5,0.45,1.2,0,0.7,0.18,0,0,false,180,true,false,0,0,0,false,,,,,H-3 애로우 블로우 강화(311) · 6~8개 · special 안 씀
HENESYS,TOWER,3,SHOT,5d7e68406f054d7daf0ee327b96ec8d7,,e6c88bb840974ef69576eb2496f82846,,6,8,0,0.7,0.6,0.45,1.2,0,0.7,0.18,0,0,false,180,true,false,0,0,0,false,,,,,H-9 플레임 샷 · 6~8개
HENESYS,SUPPRESSOR,1,SHOT,21360dd335dc4c3abb83c3de41001978,,ac818eba02d946458e45a778e41cbaf6,,3,4,0,0.4,0.5,0.45,1.2,0,0.88,0.43,0,0,false,180,true,false,0,0,0,false,,,,,억제기 = 포탑 Lv1 화살과 같게 · 출발은 조금 아래(+0.6 · 포탑은 머리 위 1.125) (사용자 2026-09-14)
HENESYS,SUPPRESSOR,2,SHOT,ca66b992cea9400eab7d6d202bcb7a60,,e9f79919864b460dbb45c8592c64a336,,6,8,0,0.6,0.5,0.45,1.2,0,0.88,0.43,0,0,false,180,true,false,0,0,0,false,,,,,억제기 = 포탑 Lv2 화살과 같게 · 출발은 조금 아래(+0.6 · 포탑은 머리 위 1.125) (사용자 2026-09-14)
HENESYS,SUPPRESSOR,3,SHOT,5d7e68406f054d7daf0ee327b96ec8d7,,e6c88bb840974ef69576eb2496f82846,,6,8,0,0.7,0.6,0.45,1.2,0,0.88,0.43,0,0,false,180,true,false,0,0,0,false,,,,,억제기 = 포탑 Lv3 화살과 같게 · 출발은 조금 아래(+0.6 · 포탑은 머리 위 1.125) (사용자 2026-09-14)
KERNING,TOWER,1,SHOT,63af9dc845db4da2960172417b3eee5d,,4c42f0632fa249c29b8394c10d7634fe,,1,1,0,1.2,0.5,0.4,1.0,0.35,,,0,0,false,180,true,false,0,0,0,false,,,,,K-6 트리플 스로우 표창(작아서 1.2배) · 맞으면 hit/0 · 빗나가면 땅에 0.35초 박힘
KERNING,TOWER,2,SHOT,1615c0292d0a4660a9472f122291c9a0,,4c42f0632fa249c29b8394c10d7634fe,,1,1,0,0.7,0.5,0.4,1.0,0.35,,,0,0,false,180,true,false,0,0,0,false,,,,,K-9 단품 수리검(107×107) · 적중은 K-6 hit/0 차용 · 땅 0.35초
KERNING,TOWER,3,SHOT,564d50452ba34719815ae3c6ef6b8f2f,,cd78f86bb3cb40ebb40ecfcfa8a0240f,,1,1,0,0.35,0.5,0.4,1.0,0.35,,,0,0,false,180,true,false,0,0,0,false,,,,,K-1 shootobj/layerList/b1 대형 수리검(400×302 · 축소 0.35) · 맞으면 hit/0 · 땅 0.35초
ELLINIA,TOWER,1,SHOT_CAST,3cd3f0294cf64987840d6556a03d9e7e,,55bb9e09d26741f0bdfe6504d986fbbb,999c9bef664749f987ccad0fbd91cc9d,1,1,0,1.0,0.5,0.45,0.8,0,,,-0.88,-0.34,false,180,true,false,3,0,-0.5,false,0.5,,,,E-1 서클 오브 썬더 · 시전 = 파란 룬 마법진(999c9bef 177×190 · 시설 가운데 +0.55) → 0.6초 뒤 표적 위치에 번개(스킬 effect 421×277 · 0.5) + 피해 (2026-09-14 사용자: 마법진 뒤 번개는 몬스터 쪽에) · 적중 y −0.5 (사용자 2026-09-15 · 번개 피벗이 그림 아래라 위로 떠 보임) · 2026-09-15 마법진 x/y 보정(사용자: Lv1·2 중앙으로+절반 위 · WO-040 M3(2026-10-02): Mode SHOT_CAST = 잎 발사체(BallRuid 새총알 · 크기 = 시설 Scale)가 날아가(FlightSec · ArcHeight) 도착한 자리에 마법진(CastRuid · Scale 배율 · CastOffset = 착탄 지점 기준 · 아래 층) + 번개(HitRuid · 위 층) + 피해 · 포탑 위 마법진 없음 · 발사 프레임 · 위치는 FacilityArt ReleaseIndex · ReleaseOffset · WO-040 M3(2026-10-02): Mode SHOT_CAST = 잎 발사체(BallRuid 새총알 · 크기 = 시설 Scale)가 날아가(FlightSec · ArcHeight) 도착한 자리에 마법진(CastRuid · Scale 배율 · CastOffset = 착탄 지점 기준 · 아래 층) + 번개(HitRuid · 위 층) + 피해 · 포탑 위 마법진 없음 · 발사 프레임 · 위치는 FacilityArt ReleaseIndex · ReleaseOffset · WO-040 M3(2026-10-02): Mode SHOT_CAST = 잎 발사체(BallRuid 새총알 · 크기 = 시설 Scale)가 날아가(FlightSec · ArcHeight) 도착한 자리에 마법진(CastRuid · Scale 배율 · CastOffset = 착탄 지점 기준 · 아래 층) + 번개(HitRuid · 위 층) + 피해 · 포탑 위 마법진 없음 · 발사 프레임 · 위치는 FacilityArt ReleaseIndex · ReleaseOffset · 마법진을 0.5초 일찍 지운다(CastTrimSec 0.5 · 끝 0.1초는 서서히 흐려짐 · 사용자 2026-10-02 2차 · Lv1 Lv2 만)
ELLINIA,TOWER,2,SHOT_CAST,3cd3f0294cf64987840d6556a03d9e7e,,b4c27d2c84544f48be6f76f7b4da616b,999c9bef664749f987ccad0fbd91cc9d,1,1,0,1.2,0.4,0.45,0.8,0,,,-1.19,-0.7,false,180,true,false,3,0,-0.5,false,0.5,,,,E-2 서클 오브 썬더 VI (Lv2 진화) · 마법진 1.2배 → 0.6초 뒤 번개(effect 613×456 · 0.4) · 적중 y −0.5 (사용자 2026-09-15 · 번개 피벗이 그림 아래라 위로 떠 보임) · 2026-09-15 마법진 x/y 보정(사용자: Lv1·2 중앙으로+절반 위 · WO-040 M3(2026-10-02): Mode SHOT_CAST = 잎 발사체(BallRuid 새총알 · 크기 = 시설 Scale)가 날아가(FlightSec · ArcHeight) 도착한 자리에 마법진(CastRuid · Scale 배율 · CastOffset = 착탄 지점 기준 · 아래 층) + 번개(HitRuid · 위 층) + 피해 · 포탑 위 마법진 없음 · 발사 프레임 · 위치는 FacilityArt ReleaseIndex · ReleaseOffset · WO-040 M3(2026-10-02): Mode SHOT_CAST = 잎 발사체(BallRuid 새총알 · 크기 = 시설 Scale)가 날아가(FlightSec · ArcHeight) 도착한 자리에 마법진(CastRuid · Scale 배율 · CastOffset = 착탄 지점 기준 · 아래 층) + 번개(HitRuid · 위 층) + 피해 · 포탑 위 마법진 없음 · 발사 프레임 · 위치는 FacilityArt ReleaseIndex · ReleaseOffset · WO-040 M3(2026-10-02): Mode SHOT_CAST = 잎 발사체(BallRuid 새총알 · 크기 = 시설 Scale)가 날아가(FlightSec · ArcHeight) 도착한 자리에 마법진(CastRuid · Scale 배율 · CastOffset = 착탄 지점 기준 · 아래 층) + 번개(HitRuid · 위 층) + 피해 · 포탑 위 마법진 없음 · 발사 프레임 · 위치는 FacilityArt ReleaseIndex · ReleaseOffset · 마법진을 0.5초 일찍 지운다(CastTrimSec 0.5 · 끝 0.1초는 서서히 흐려짐 · 사용자 2026-10-02 2차 · Lv1 Lv2 만)
ELLINIA,TOWER,3,SHOT_CAST,3cd3f0294cf64987840d6556a03d9e7e,,0e625b50b02d480caed3945a5184bf04,ef24cda6940848749a498c0b1df91e65,1,1,0,1.4,0.5,0.45,0.8,0,,,0.5,-0.85,false,180,true,false,29,2.3,-0.9,false,,,,,E-3 엘리멘탈 블래스트 · 시전 = effect(198×193 · 1.4배 · 사용자 2026-09-15 마법진) → 0.6초 뒤 표적 위치에 effect0(851×602 · 0.5배)의 뒷 13프레임(26~38)만 + 피해 · 피벗 보정: effect0 그림 중심이 피벗에서 (−2.27 · 2026-09-15 마법진 x/y 보정(사용자: Lv1·2 중앙으로+절반 위 · WO-040 M3(2026-10-02): Mode SHOT_CAST = 잎 발사체(BallRuid 새총알 · 크기 = 시설 Scale)가 날아가(FlightSec · ArcHeight) 도착한 자리에 마법진(CastRuid · Scale 배율 · CastOffset = 착탄 지점 기준 · 아래 층) + 번개(HitRuid · 위 층) + 피해 · 포탑 위 마법진 없음 · 발사 프레임 · 위치는 FacilityArt ReleaseIndex · ReleaseOffset · WO-040 M3(2026-10-02): Mode SHOT_CAST = 잎 발사체(BallRuid 새총알 · 크기 = 시설 Scale)가 날아가(FlightSec · ArcHeight) 도착한 자리에 마법진(CastRuid · Scale 배율 · CastOffset = 착탄 지점 기준 · 아래 층) + 번개(HitRuid · 위 층) + 피해 · 포탑 위 마법진 없음 · 발사 프레임 · 위치는 FacilityArt ReleaseIndex · ReleaseOffset · WO-040 M3(2026-10-02): Mode SHOT_CAST = 잎 발사체(BallRuid 새총알 · 크기 = 시설 Scale)가 날아가(FlightSec · ArcHeight) 도착한 자리에 마법진(CastRuid · Scale 배율 · CastOffset = 착탄 지점 기준 · 아래 층) + 번개(HitRuid · 위 층) + 피해 · 포탑 위 마법진 없음 · 발사 프레임 · 위치는 FacilityArt ReleaseIndex · ReleaseOffset
NAUTILUS,TOWER,1,SHOT,4ef4f6d3eeec4bbd9b97aae66aad22b9,,070fcbb91e5c48f881ba29f0cad46689,,3,3,0.15,0.9,0.5,0.5,1.8,0,,,0,0,false,180,true,true,0,0,0,false,,,,,N-1 캐논 버스터 포탄 3발 · 0.1초 간격 차례로 · 포물선 · S2 지형 뒤 실물 확인 · 크기 0.4→0.9 (사용자 2026-09-14 너무 작다 · 공 자체는 50px 라 트레일 포함 1.7유닛) · 3분할 타격(같은 표적 3발이면 각 1/3 · 사용자 2026-09-14) · 새 아트(2026-09-15)라 출발 높이 기본값(머리 위) · B3b(2026-09-23) 분할 끔 — 스플래시(TOWER_SPLASH)로 대체 · 포탄은 주 표적에 전부 도착 · WO-040 M3: 포탄 3발의 발사 시각 · 간격은 그림 표(FacilityArt ReleaseIndex 12|15|18 · 50ms 칸 × 3 = 0.15초)에서 정해져 이 칸을 덮는다 · 표에 그림 행이 없을 때의 기본값 · (WO-040 3차 · 사용자 2026-10-02 포탄이 3번 나가면 피해도 3번) SplitHits true — 포탄이 도착할 때마다 피해가 한 번씩(3번) · 발마다 주 표적 ×2 의 k 번째 몫 + 반경 안 나머지 ×1 의 k 번째 몫 · 3번 합 = 옛 한 번의 값(FactionAttack.CalcDamage 몫 = floor 차)
NAUTILUS,TOWER,2,SHOT,71793edf17f04f9da5a353f00a9a8125,,6aa68d4d9108400094709af1ee793169,,3,3,0.15,0.75,0.5,0.5,1.8,0,,,0,0,false,180,true,true,0,0,0,false,,,,,N-2 캐논 스파이크 3발 · 0.1초 간격 · 크기 0.4→0.75 (2026-09-14) · 3분할 타격(같은 표적 3발이면 각 1/3 · 사용자 2026-09-14) · 새 아트(2026-09-15)라 출발 높이 기본값(머리 위) · B3b(2026-09-23) 분할 끔 — 스플래시(TOWER_SPLASH)로 대체 · 포탄은 주 표적에 전부 도착 · WO-040 M3: 포탄 3발의 발사 시각 · 간격은 그림 표(FacilityArt ReleaseIndex 12|15|18 · 50ms 칸 × 3 = 0.15초)에서 정해져 이 칸을 덮는다 · 표에 그림 행이 없을 때의 기본값 · (WO-040 3차 · 사용자 2026-10-02 포탄이 3번 나가면 피해도 3번) SplitHits true — 포탄이 도착할 때마다 피해가 한 번씩(3번) · 발마다 주 표적 ×2 의 k 번째 몫 + 반경 안 나머지 ×1 의 k 번째 몫 · 3번 합 = 옛 한 번의 값(FactionAttack.CalcDamage 몫 = floor 차)
NAUTILUS,TOWER,3,SHOT,97db85b5314a49d990bad49250ad3608,,e71d087320a7476498d253efd964ab3e,,3,3,0.15,0.35,0.55,0.5,1.8,0,,,0,0,false,180,true,true,0,0,0,false,,0.4,0,,N-6 거대 포탄 shootobj/layerList/b1(486×299 · 축소 0.25) 3발 · 0.1초 간격 · 크기 0.25→0.35 (2026-09-14 · Lv2 보다 커야) · 3분할 타격(같은 표적 3발이면 각 1/3 · 사용자 2026-09-14) · 새 아트(2026-09-15)라 출발 높이 기본값(머리 위) · B3b(2026-09-23) 분할 끔 — 스플래시(TOWER_SPLASH)로 대체 · 포탄은 주 표적에 전부 도착 · WO-040 M3: 포탄 3발의 발사 시각 · 간격은 그림 표(FacilityArt ReleaseIndex 12|15|18 · 50ms 칸 × 3 = 0.15초)에서 정해져 이 칸을 덮는다 · 표에 그림 행이 없을 때의 기본값 · 포탄 출발 위치를 시설이 바라보는 쪽으로 0.4 앞으로(LaunchAdjX 0.4 · 포탄 그림이 커서 불꽃 꼬리가 포신에 겹쳤다 → 꼬리 끝이 포구 끝에 닿게 · 사용자 2026-10-02 2차 · 3발 모두 같은 보정) · (WO-040 3차 · 사용자 2026-10-02 포탄이 3번 나가면 피해도 3번) SplitHits true — 포탄이 도착할 때마다 피해가 한 번씩(3번) · 발마다 주 표적 ×2 의 k 번째 몫 + 반경 안 나머지 ×1 의 k 번째 몫 · 3번 합 = 옛 한 번의 값(FactionAttack.CalcDamage 몫 = floor 차)
PERION,TOWER,1,SHOT,668e1de7954946c3a48f82fed4fafe74,,1d89e334364e4fbb8d3b18ba65e2e967,,1,1,0,0.6,0.35,0.3,0,0,,,0,0,false,270,true,false,0,0,0,false,,,,,P-3 궁니르 디센트 일반(effect 142×136 를 창으로) · hit/0(281×433 · 0.35) · 창 그림 방향 미확인 → 실물 보고 FaceDeg 조정 · 직선(ArcHeight 0) · 0.3초 (사용자 2026-09-14 창은 일직선·한 템포 빨리)
PERION,TOWER,2,SHOT,9b8899ca8cb54d02926a1309dca73a5c,,bc526ea251d942edb56936a1bb207659,,1,1,0,0.3,0.9,0.3,0,0,,,0,0,false,270,true,false,0,0,0,false,,,,2,P-3 special/0(245×456 세로 창 · 축소 0.3) · 직선(ArcHeight 0) · 0.3초 (사용자 2026-09-14 창은 일직선·한 템포 빨리) · 조각 9(2026-10-02): special/0 은 0번째 프레임이 0.3초짜리 빈 그림이라 비행 내내 안 보였다 → BallStartFrame 2 부터(다 그려진 프레임) · 적중 = 빨간 터짐 hit/1(보라 창 hit/0 은 Lv2 에서 더 안 나옴)
PERION,TOWER,3,SHOT,668e1de7954946c3a48f82fed4fafe74,9b8899ca8cb54d02926a1309dca73a5c,1d89e334364e4fbb8d3b18ba65e2e967|bc526ea251d942edb56936a1bb207659,,2,2,0.08,0.45,0.35|0.9,0.3,0,0,,,0,0,false,270,true,false,0,0,0,false,,,,0|2,P-3 일반 + special 둘 다 2발(Ball·Ball2 번갈아 · 크기는 한 값 0.45 공용) · 직선(ArcHeight 0) · 0.3초 (사용자 2026-09-14 창은 일직선·한 템포 빨리) · 조각 9(2026-10-02): 두 발 = 첫 발 문양(BallStartFrame 0) → 보라 창(hit/0) · 둘째 발 빨간 창(2번째 프레임부터) → 빨간 터짐(hit/1) · HitRuid/HitScale/BallStartFrame 은 a|b = 첫 발|둘째 발
