StepKey,Kind,Text,MarkerMap,Once,Enabled,#Note
G1,GOAL,리스항구 앞 사냥터에서 달팽이를 잡아 레벨을 올리세요 (Lv {n}/{max}),LithHarbor_Hunt_RightAroundLithHarbor,,true,완료 Lv4 (WO-028 · B10)
G2,GOAL,숲길(사냥터 2)로 이동해 사냥하세요 (Lv {n}/{max}),LithHarbor_Hunt_ForestTrail1,,true,완료 Lv7 (WO-028 · B10)
G3,GOAL,돼지 해변(사냥터 3)에서 레벨 10 을 만드세요 (Lv {n}/{max}),LithHarbor_Hunt_PigBeach,,true,완료 Lv10 (WO-028 · B10)
G4,GOAL,리스항구 마을로 돌아가 전직하세요 {n},LithHarbor_Village_MinimiMain,,true,{n} = 4:00 넘으면 남은 시간 카운트 · 완료 전직 (WO-028 · B10)
G5,GOAL,여섯갈래길로 나가 빈 마을의 넥서스를 클릭해 마을을 차지하세요,@EMPTY_VILLAGES,,true,빈 마을 전부 마커 · 완료 마을 점유 (WO-028 · B10)
G6,GOAL,마을 사냥터 1 에서 사냥하세요. 곧 첫 미니언 웨이브가 옵니다 (Lv {n}/{max}),@OWN_LANE1,,true,완료 첫 웨이브 예고 (WO-028 · B10)
G7,GOAL,웨이브! 사냥터 2 의 포탑 앞으로 가서 미니언을 막으세요,@OWN_LANE2,,true,끼어드는 단계 · 웨이브 30초 전 ~ 뒤 60초 · 3P 문구는 G7B (WO-028 · B10)
G7B,GOAL,웨이브! 포탑 앞에서 막고 만렙이면 발록으로,@OWN_LANE2,,true,3P 웨이브 문구 (WO-028 · B10)
G8,GOAL,몬스터 모집관에게 재료 8개로 수비대를 모집하세요 (재료 {n}/{max}),@OWN_VILLAGE,,true,첫 웨이브 뒤 · 모집 0회 (WO-028 · B10)
G9,GOAL,사냥터 2 로 올라가 사냥하세요 (Lv {n}/{max}),@OWN_LANE2,,true,Lv17~24 (WO-028 · B10)
G10,GOAL,미니언이 강해졌습니다 — 사냥터 2 몬스터로 수비대를 모집하고 포탑을 강화하세요,@OWN_VILLAGE,,true,2P 시작 2분 · 포탑 Lv2 면 완료 (WO-028 · B10)
G11,GOAL,사냥터 3 에서 만렙(30)까지 사냥하세요 (Lv {n}/{max}),@OWN_REAR,,true,Lv24~30 (WO-028 · B10)
G12,GOAL,매분 웨이브가 옵니다 — 웨이브 경험치로 만렙을 채우세요 (Lv {n}/{max}),@OWN_LANE2,,true,3P · Lv<30 (WO-028 · B10)
G13,GOAL,낙인의 영혼석을 모으세요 — 엘리트 1개 · 마을 보스 20개 ({n}/{max}),@OWN_BOSS,,true,Lv30 · 영혼석 < 5 (WO-028 · B10)
G14,GOAL,슬리피우드로 가서 주니어 발록에 도전하세요 (90초 · 입장권 5개),,,true,월드맵에 슬리피우드 노드가 꺼져 있어 마커 없음(Codex 리뷰) · Lv30 · 영혼석 ≥ 5 (WO-028 · B10)
T1,TOAST,보석을 얻었습니다 — 강화 장인에게 장비를 강화할 때 넣습니다. 안 쓰는 보석은 3:1 로 교환할 수 있어요,,true,true,첫 보석 (WO-028 · B10)
T2,TOAST,지역 재화 — 제작 장인의 장비 재료이자 지역 보스 입장권(25개)입니다,,true,true,첫 지역 재화 (WO-028 · B10)
T3,TOAST,몬스터 재료 — 8개면 몬스터 모집관에게 수비대 1묶음(5마리)을 모집할 수 있습니다,,true,true,첫 몬스터별 재화 (WO-028 · B10)
T4,TOAST,빅토리아 주화 — 방어 시설 관리인에게 포탑·억제기 강화와 재건에 씁니다,,true,true,첫 주화 (WO-028 · B10)
T5,TOAST,꿈의 조각 — 몬스터 조련사에게 수비대를 훈련시킵니다,,true,true,첫 꿈의 조각 (WO-028 · B10)
T6,TOAST,낙인의 영혼석 — 주니어 발록 입장권입니다 (★1 은 도전 1회에 5개),,true,true,첫 영혼석 (WO-028 · B10)
T7,TOAST,엘리트 몬스터 등장! 체력은 25배지만 주화·꿈의 조각·영혼석을 확정으로 줍니다,,false,true,내가 있는 맵 · 매번 (WO-028 · B10)
T8,TOAST,마노를 가장 먼저 잡는 사람은 체력 갑옷(+200)과 500메소를 받습니다,,true,true,0P Lv7 (WO-028 · B10)
T9,TOAST,30초 뒤 리스항구 입장이 막힙니다 — 전직을 마치고 여섯갈래길로 나가세요,,true,true,4:00 (WO-028 · B10)
T10,TOAST,30초 뒤 웨이브 — 사냥터 2 포탑으로,,false,true,각 웨이브 30초 전 · 매번 (WO-028 · B10)
T11,TOAST,포탑이 혼자 막기엔 벅찹니다 — 도와주세요,,true,true,첫 웨이브 생성(공용 토스트 뒤) (WO-028 · B10)
T12,TOAST,포탑이 파괴됐습니다 — 억제기가 뚫리면 넥서스가 노출됩니다. 주화로 재건할 수 있어요,,false,true,내 포탑 파괴 · 매번 (WO-028 · B10)
T13,TOAST,억제기 폭발! 주변 미니언이 전멸했지만 넥서스가 노출됐습니다 — 재건은 방어 시설 관리인,,false,true,내 억제기 파괴 · 매번 (WO-028 · B10)
T14,TOAST,지역 재화 25개 — 마을 보스에 도전할 수 있습니다 (영혼석 20개),,true,true,지역 재화 ≥ 25 (WO-028 · B10)
T15,TOAST,만렙! 영혼석 5개를 모아 발록에 도전하세요,,true,true,Lv30 (WO-028 · B10)
T16,TOAST,물약이 없습니다 — 마을 물약 상인(리스항구에도 있음),,true,true,HP 30% 이하 · 물약 0 — 플레이어 HP 조회 API 없어 미구현(B PlayerHit) (WO-028 · B10)
T17,TOAST,(부활 팝업 자체) 내 마을에서 부활 — 5000메소 / 경험치 50% 중 선택,,false,true,B9 RevivePopupGroup 이 담당 · 여기선 안 씀 (WO-028 · B10)
T18,TOAST,(기존 침범 알림 재사용),,false,true,LaneStateService 기존 알림 · 여기선 안 씀 (WO-028 · B10)
C1,CHECK,레벨 10,,,true,WO-028 · B10
C2,CHECK,전직,,,true,WO-028 · B10
C3,CHECK,마을 차지,,,true,WO-028 · B10
C4,CHECK,첫 웨이브 방어(포탑 생존),,,true,WO-028 · B10
C5,CHECK,수비대 1묶음 모집,,,true,WO-028 · B10
C6,CHECK,포탑 1회 강화,,,true,WO-028 · B10
C7,CHECK,장비 1회 강화,,,true,WO-028 · B10
C8,CHECK,사냥터 2 도달(Lv17),,,true,WO-028 · B10
C9,CHECK,엘리트 1마리 처치,,,true,WO-028 · B10
C10,CHECK,마을 보스 처치,,,true,WO-028 · B10
C11,CHECK,만렙 30,,,true,WO-028 · B10
C12,CHECK,발록 도전,,,true,WO-028 · B10
C13,CHECK,발록 처치,,,true,WO-028 · B10
