VillageId,MapName,LaneRole,PathMinX,PathMaxX,PathY,SpawnX,SpawnY,EndTriggerX,TowerSlotX,TowerSlotY,RopeX,MinionSpeedMul,DefenderSlotCount,Enabled,#Note
HENESYS,Henesys_Hunt_GolemsTemple,LANE2,-4.68,14.82,-4.6,13.8,-4.6,-4.2,2.0,-4.6,7.84,1.3,10,true,2026-09-07 사용자 직접 깐 통로(층6 MapLayer7) 사다리 x -0.26/7.84 · 2026-10-01 미니언 속도 ×1.3(#128)
HENESYS,Henesys_Hunt_HillNorth,LANE1,-5.79,17.71,-6.22,,,-5.3,8.0,-6.22,9.81,1.3,10,true,2026-09-07 사용자 직접 깐 통로(층4 Default) 사다리 x -0.49/9.81 · 2026-10-01 미니언 속도 ×1.3(#128)
HENESYS,Henesys_Village_MinimiMain,VILLAGE,-9.6,9.4,-1.69,,,-9.0,-8.0,-1.69,2.09,1.3,10,true,2026-09-07 사용자 직접 깐 통로(층1 MapLayer1) 통로 포탈 (8.91 -1.64) · 2026-10-01 미니언 속도 ×1.3(#128)
KERNING,KerningCity_Hunt_ConstructionSite,LANE2,-4.34,19.16,-3.2,18.2,-3.2,4.3,5.6,-3.2,9.71,1.3,10,true,2026-09-09 사용자 조정 통로 실측(CustomFoothold edgeLists 기준) · 포탑 구간(오른쪽) · 2026-10-01 레인 보정(노틸러스 기준 포탑 도착 · 미니언 속도 ×1.3 · #128) · 2차 실측 뒤 포탑 6.2→5.6(도착 7.4초→노틸러스 7.9초)
KERNING,KerningCity_Hunt_ConstructionSite,LANE1,-4.34,19.16,-3.2,,,-4.0,2.5,-3.2,0.83,1.3,10,true,2026-09-09 사용자 조정 통로 실측(CustomFoothold edgeLists 기준) · 억제기 구간(왼쪽) · 같은 맵이라 재스폰 없이 계속 걷는다 · 2026-10-01 레인 보정(노틸러스 기준 포탑 도착 · 미니언 속도 ×1.3 · #128)
KERNING,KerningCity_Village_MinimiMain,VILLAGE,-12.68,5.12,-2.0,,,-8.0,-8.5,-2.0,2.47,1.3,10,true,2026-09-09 사용자 조정 통로 실측(CustomFoothold edgeLists 기준) · 넥서스 · 2026-10-01 미니언 속도 ×1.3(#128)
PERION,Perion_Hunt_NorthernRidge,LANE2,-10.14,11.06,-23.26,-9.18,-23.26,10.72,3.22,-23.26,6.5,1.3,10,true,"2026-09-09 사용자 조정 통로 실측(CustomFoothold edgeLists 기준) · 포탑 · 2026-10-01 레인 보정(노틸러스 기준 포탑 도착 · 미니언 속도 ×1.3 · #128) · 2026-10-05 사용자 ""페리온 사냥터2 는 미니언이 왼쪽→오른쪽 · 포탑 오른쪽에서 왼쪽을 봄""(WO-049 ⑮): 출발 · 끝 · 포탑 자리를 통로 중앙 기준 좌우 반전(10.1/-9.8/-2.3→-9.18/10.72/3.22)"
PERION,Perion_Hunt_WildBoarLand,LANE1,-12.24,15.76,-21.5,,,-11.9,-6.0,-21.5,10.0,1.3,10,true,2026-09-09 사용자 조정 통로 실측(CustomFoothold edgeLists 기준) · 억제기 · 2026-10-01 미니언 속도 ×1.3(#128)
PERION,Perion_Village_MinimiMain,VILLAGE,2.91,17.91,0.76,,,3.4,4.0,0.76,6.5,1.3,10,true,2026-09-09 사용자 조정 통로 실측(CustomFoothold edgeLists 기준) · 넥서스 · 2026-10-01 미니언 속도 ×1.3(#128)
ELLINIA,Ellinia_Hunt_GreenTreeTrunk,LANE2,-17.3,-1.6,-20.7,-16.7,-20.7,-4.9,-6.2,-20.7,-9.5,1.3,10,true,2026-10-01 커닝시티처럼 사냥터1(GreenTreeTrunk) 한 맵에 포탑 + 억제기(사용자) · 사냥터2(TreeTrunkNest2)는 레인에서 뺌(VillageConfig 사냥터 칸은 그대로) · 좌→우 · 포탑은 두 사다리(-9.5/-4.5) 사이 · 2026-10-01 레인 보정(노틸러스 기준 포탑 도착 · 미니언 속도 ×1.3 · #128) · 속도는 다른 레인과 같은 1.3(사용자 2026-10-01 · 포탑 도착 약 6.8초 — 포탑·억제기가 붙어 있고 버프가 있어 든든한 대신 공격이 빨리 온다)
ELLINIA,Ellinia_Hunt_GreenTreeTrunk,LANE1,-17.3,-1.6,-20.7,-16.7,-20.7,-2.0,-3.3,-20.7,-4.5,1.3,10,true,2026-09-18 좌→우(사용자: 왼쪽 = 여섯갈래길 → 사냥터2 → 사냥터1 → 마을) · 포탈 맞바꿈(왼쪽 Nest2 · 오른쪽 마을) · 억제기 · 사다리 x -9.5/-4.5 · 2026-10-01 레인 보정(노틸러스 기준 포탑 도착 · 미니언 속도 ×1.3 · #128)
ELLINIA,Ellinia_Village_MinimiMain,VILLAGE,-4.0,4.1,6.8,-3.4,6.8,4.1,-0.5,-0.17,0.91,1.3,10,true,2026-09-22 넥서스 = x축 가운데(-0.5 · 마을 바닥 -5.15~4.16 의 중앙) 2층 낮은 길(y -0.17 · 사용자) · 미니언은 4층 둥근 다리를 좌→우로 걷다 오른쪽 끝(3.28)에서 2층으로 떨어져 왼쪽으로 넥서스까지 간다(FactionAI 는 세로 2.5 넘는 대상을 안 잡음) · 포탈 맞바꿈(왼쪽 GreenTreeTrunk · 오른쪽 GiantTree) · 2026-10-01 미니언 속도 ×1.3(#128)
NAUTILUS,Nautilus_Hunt_WayToBeach,LANE2,-19.4,0.5,-3.5,-18.4,-3.5,0.1,-6.4,-3.5,-3.9,1.3,10,true,2026-09-18 좌→우(사용자: 왼쪽 = 여섯갈래길 → 사냥터2 → 사냥터1 → 마을) · 포탈 맞바꿈(왼쪽 여섯갈래길 · 오른쪽 PigPasture) · 포탑 · 사다리 x -12.4/-3.9 · 2026-10-01 미니언 속도 ×1.3(#128)
NAUTILUS,Nautilus_Hunt_PigPasture,LANE1,-15.8,5.3,-3.5,-15.2,-3.5,4.9,-1.5,-3.5,2.5,1.3,10,true,2026-09-18 좌→우(사용자: 왼쪽 = 여섯갈래길 → 사냥터2 → 사냥터1 → 마을) · 포탈 맞바꿈(왼쪽 WayToBeach · 오른쪽 마을) · x 0.84 벽 조각 아래로 -3.5 · 억제기 · 사다리 x -8.5/2.5 · 2026-10-01 미니언 속도 ×1.3(#128)
NAUTILUS,Nautilus_Village_MinimiMain,VILLAGE,12.1,50.0,-3.05,12.7,-3.05,21.8,20.8,-3.05,25.49,1.3,10,true,2026-09-18 좌→우(사용자: 왼쪽 = 여섯갈래길 → 사냥터2 → 사냥터1 → 마을) · 사용자가 물가를 왼쪽으로 늘리고 입구를 함선 왼쪽(13.3)으로 옮김 · 넥서스 = 노틸러스호 쪽(20.8) · 2026-10-01 미니언 속도 ×1.3(#128)
