Id,Name,Level,MaxHp,Exp,CoinMin,CoinMax,ModelId,MoveType,AiType,MoveSpeed,JumpForce,IconRUID,Attack,DamagedSoundRUID,DieSoundRUID
100000,달팽이 (Snail),1,17,5,3,3,monster100000,walk,chase,,,2db94405cf0445f5be2b60a02c21dda5,150,0f213b255ab34a0e8ed258c89f3b62fe,30e5a789e9204111924cafc1bc1ce33f
100101,파란 달팽이 (Blue Snail),1,23,5,3,3,monster100101,walk,chase,,,0c69164656d24f64bd1a1f6ee4019dff,150,892c25924e3f49f4a42dcb9a39525800,e704d4ea59f4457ca1833423aef36340
120100,스포아 (Shroom),3,32,8,5,5,monster120100,walk,chase,,,f84d50d06d1c45308d8497e8bf226308,165,30401595b3734c6e9d00ddd299d2a459,8fb5827f7c0b48c29d9dace900d7fe75
130100,스텀프 (Stump),17,325,38,180,180,monster130100,walk,chase,,,cf2a470436cd4b2aa265648e15198c45,270,b5430bb5b1da4095a3033a408bdbffe3,5a1056a232dd422d933f7e9714c24de5
130101,빨간 달팽이 (Red Snail),4,45,10,7,7,monster130101,walk,chase,,,ffb9e9fba641457c818e9bf9d724461a,172,bbec511b4ba4460ea0e2f03c71695053,c1e92a26ba3444e8a4a7c414995267be
210100,슬라임 (Slime),17,260,38,180,180,monster210100,hop,chase,0.65,0.81,50faf654ee5d479cb2958edce9feaef0,270,4623a7a5a7de4e09891c3f0a70f6fb39,79c80c07bf104fedada12695846b09c4
1110100,초록버섯 (Green Mushroom),10,140,22,60,60,monster1110100,walk,chase,,,d19573d7348643e19146f82ca34c1fa3,218,0909185a3a4245e184e9f33d6fd4d718,9d6373709f0e413aa563464c7be583e5
1110101,다크 스텀프 (Dark Stump),20,375,52,180,180,monster1110101,walk,chase,,,ed3908e24d694bb786023fc1ed073489,292,0d7e09281e0047318ba7832299328f77,0eddcb1bca304e7197cf1449dcedf463
1120100,옥토퍼스 (Octopus),10,140,22,60,60,monster1120100,walk,chase,,,d8f014043ce8418f96700c2b6c9ebf6c,218,590b667674334ad1aa86eb17e509fbdd,5deff8b7062042b0a0f87da58c43fba5
1130100,엑스텀프 (Axe Stump),21,405,56,180,180,monster1130100,walk,chase,,,9d4f9e8f572548f692438ffa817eb52d,300,bcc1777320e547d092985fea3ebff559,21d2706d79c04c8e97a65bb4cebb9006
1140100,고스텀프 (Ghost Stump),23,465,65,180,180,monster1140100,walk,chase,,,52fc9a75b6174bfa96af66c49dbb3369,315,fc9be19cb20c4804b9dca70a7de140d9,c450be552dba47c88cf1e55ca1e7f109
1140130,히죽대는 고스텀프 (Smirking Ghost Stump),24,495,70,450,450,monster1140130,walk,chase,,,4286356e1f6a4c03a6ef125123a49bbe,322,216d4e07d636406e8343aa90861f3363,fd7ea34f2ea14e5bb14e440292abfa85
1210100,돼지 (Pig),10,120,22,60,60,monster1210100,hop,chase,0.65,0.81,528a8638b12f41b8b5781a05360d2949,218,4bd1c1fa96a84ac3858457732ffe9c9c,cafd34c902ba4af2a8747736465a8fb8
1210101,리본 돼지 (Ribbon Pig),17,280,38,180,180,monster1210101,hop,chase,0.65,0.81,6a699b8c31b94474bb795c7394c3af3b,270,b5bc1177f5a44e868195ff2f38287e97,79bfbaa52940459fa25d4329389fd895
1210102,주황버섯 (Orange Mushroom),10,140,22,60,60,monster1210102,hop,chase,0.65,0.81,a95cfed2c8fe4d2cb64cbb62db051f92,218,6eb2ef8a783c4393bd7ee6a2c199bda7,c49646f7299e4c6e81e953c96e20b294
1210103,버블링 (Bubbling),10,125,22,60,60,monster1210103,hop,chase,0.65,0.81,e24531def0ec4687b2c5de2cfb32b02e,218,0230435a9ffb45c382b1c5fb8acc12c2,a18ad389cdbc4e53aebf55c12e35ea28
1210104,파란 리본돼지 (Blue Ribbon Pig),24,440,70,450,450,monster1210104,walk,chase,,,cba2695db0034210a59cd88b5894457b,322,79b5d6dd29f14ab6866b384fe849cef2,e1d4b6aae95f4247b261d83d652c00e7
2110200,뿔버섯 (Horny Mushroom),12,175,27,60,60,monster2110200,walk,chase,,,574596d79f004965a293d2551343633f,232,876c6bd9ed0a4606a184ff1c9ade7049,de99395544a84b3095e60e7e020c05d3
2130100,다크 엑스텀프 (Dark Axe Stump),22,435,61,180,180,monster2130100,walk,chase,,,fd35894dd92c4e3b8885e59b0f4d3394,308,288954a3875748fcbd2ea0063bafd1d7,0182687638eb42cf9802ea29a2026b27
2130103,주니어 네키 (Jr. Necki),17,455,38,180,180,monster2130103,walk,chase,,,03865bd69ec24123a1f06107768bf3c4,270,fe85652078c143c69255af4edddad33a,53e057d84eb143e4a2cf517b7ccc52d7
2220100,파란버섯 (Blue Mushroom),17,300,38,180,180,monster2220100,hop,chase,0.65,0.81,37f823d5d9ad4468a6502ba195317ac1,270,869aea67272b44b7a2b12e9249432f87,6783b7baa93d49eba29b4d56332f0a7f
2220110,우는 파란버섯 (Crying Blue Mushroom),17,305,38,180,180,monster2220110,hop,chase,0.65,0.81,1a176a7afb114fe7aef2bc58ef2d945b,270,200b85bd0ce54b65abce48573540faf1,096c50e7e8e048539fd3be0ca229b3fa
2230100,이블아이 (Evil Eye),10,215,22,60,60,monster2230100,hop,chase,0.65,0.81,81f20348f7c24712922569a2ea4eb0db,218,ba58289ca17a4b469673f6be1adda40d,1b56d2ac97464de7bbefa792366ec1e5
2230101,좀비버섯 (Zombie Mushroom),25,1500,75,450,450,monster2230101,hop,chase,0.65,0.81,3ee3fc0f4d2e443cbb9ec424dd2c012f,330,5e13b3b194d94f40b93f3f4447564f65,ae5e7ae00b6c4a6781868f8e80c523a7
2230102,와일드보어 (Wild Boar),24,775,70,450,450,monster2230102,hop,chase,0.65,0.81,af64c62c1dcf427998c3c52f0a060fec,322,99a644b128b347e892a23011eca61cde,d0dc707313934804b4c2c50942154382
2230110,우드 마스크 (Wooden Mask),60,11000,235,450,450,monster2230110,walk,chase,,,73ce3620378b471a819c734757a0746a,592,1a7d9c71ef7942538f3eba92d3451b0c,ea9758dec7514448a180d14aae3bb461
2230111,스톤 마스크 (Rocky Mask),61,11800,239,450,450,monster2230111,walk,chase,,,d3e7f21dd2a24d7497cfae67dd9fcd9d,600,81aae2c5587e45a89cc60dc8df74dcfa,fce24d054d444fd4b2d5777d121a501c
2230112,겁먹은 와일드보어 (Terrified Wild Boar),24,775,70,450,450,monster2230112,hop,chase,0.65,0.81,d8316fab961249cd9e1740c7fe5b3632,322,f60e21e0f80a4f14845514ea1e4dbdd5,277360414e3b42ed86a6c12f36cd7d8e
2230113,서전아이 (Surgeon Eye),29,790,93,450,450,monster2230113,walk,chase,,,74f97367f99c420b9bef65f9daff4d0d,360,5b164a884dc74a20b4288233ec97d316,47a46f3e2e8d44638f2d00eaf82b7fee
2230114,늪진흙괴물 (Muddy Swamp Monster),49,5760,184,450,450,monster2230114,walk,chase,,,096e9a374aa74156976f83f25a3f49b4,510,f8705d174c7f4d3da3abb1f7658fa9c9,2993f17999f94c44a3862d1b6594fde5
2230115,새싹진흙괴물 (Muddy Sprout Monster),50,6000,189,450,450,monster2230115,walk,chase,,,05b7c89719f74b39b6ad6ead48422a48,518,13ae1abce47c4b43acc165fad56e3401,dad8d50da3af44e4b91b65edd1d2689f
2300100,스티지 (Stirge),43,4400,157,450,450,monster2300100,fly,chase,,,25152ef859744489b7e34a993b3a3c6d,465,69d7955129d74f939e28d24cefba58a7,9571ec1cdf9c4fed9087cfdd98ac68bd
2700310,참새 (Sparrow),20,300,52,180,180,monster2700310,walk,chase,,,462a772b46f64f4e8f03d69656629b09,292,01fb14c15b1e4ef688d88f671294b4ec,938add2d6ae04af29cc13df3d72c580c
3000001,페어리 (Fairy),13,200,29,60,60,monster3000001,walk,chase,,,1ed0265245594bf0904ceb88ecaf16ba,240,64efffa44609420ab59e4f0dd9a6d9ef,d90855a724004b4f8a6f7a3753b90e8b
3000007,로얄 페어리 (Royal Fairy),15,250,33,60,60,monster3000007,walk,chase,,,4b3afc87ca3e49b0aba5c21de8fe3fca,255,e2bee88b9f8a4a4caca5287165424af3,2078190a014e4509a2cc1ae4ee411c13
3110100,리게이터 (Ligator),46,5040,171,450,450,monster3110100,walk,chase,,,f35f98827c6b4e66a447231d06131ee2,488,5ac7f36bb57a47ae98c43b25c3697692,d0f86660ef254fb3b8ccf71d943d1699
3210100,파이어보어 (Fire Boar),58,9800,225,450,450,monster3210100,hop,chase,0.65,0.81,67523b05f66f470cb86b2c6cc46af861,578,60993c4a0c30445f8f2664d6d1cd9d92,099a5f1fb2314c3fb43e38115747e7c3
3230100,커즈아이 (Curse Eye),17,350,38,180,180,monster3230100,hop,chase,0.65,0.81,39701cc34097421bb4254e857a57076f,270,bd517ccd5d074dfa988b9615088c2d19,cd02ae7dfd5d423cba5bd0d1a00e6cb5
3230101,주니어 레이스 (Jr. Wraith),24,710,70,450,450,monster3230101,hop,chase,0.65,0.81,ca9fd4116b62417caebde864c675e026,322,5412c134c4e743e0bb20d5fad50157c1,4e9c63a1a380426987dde38a099cd81e
3230300,주니어 부기 (Jr. Boogie),10,170,22,60,60,monster3230300,walk,chase,,,5a7096472ffd4ac388fa826071a435a5,218,e2f0264123b5480b843313ed2e052644,722a2f7b1fde4442a979ac29530473b3
3501100,뾰족 가시 나무 (Thorny Bramble),53,7200,203,450,450,monster3501100,walk,chase,,,bd800e1bffc24071b88096a8de05de10,540,afaaedf5ccea4ed8b656d55525d8520e,adf7f2fbf4854fe6baa00a14a78ab875
3501101,숲의 울음꾼 (Forest Howlet),53,7200,203,450,450,monster3501101,walk,chase,,,96640fadb44f4cc490e786f6683b3bd7,540,9b2fc0f0d9c74969944d6e8c0b268f79,8e8575efe5104aed964f7ebed7a6a1b9
3501102,밤의 울음꾼 (Night Howlet),53,7200,203,450,450,monster3501102,walk,chase,,,324dc4f210584e01a26be7c11917d6a3,540,410c60a633c44cdc8da38d9c184d9601,4d8ed3c9d2814edf8fa7f4bb36b9514c
3501103,지푸라기 뭉치 (Hay Bundle),53,7200,203,450,450,monster3501103,walk,chase,,,dbaa14957aa643b1bea18bf1462dbaa8,540,9545ad4689bb43f29e15fea006427197,a67e696be6914743824bf2f8f15954c9
3501104,먼지 뭉치 (Dust Bundle),53,7200,203,450,450,monster3501104,walk,chase,,,76f36b4f2b11432bab8824538ecb115e,540,0ae92a305b5c46cc87cc9f1c3bc425ff,ea5cfe19a6d14405a51f1b4ea9440172
3501105,깊은 숲 위습 (Deep Forest Wisp),32,2200,107,450,450,monster3501105,fly,chase,,,8f8b271dd1ba4a2f86a6c6c2cd999d3d,382,f531c978d11247658947b7c324195310,5629324260df4c17bb0ab36693909e45
3501106,숲의 파수꾼 (Forest Glimmerfox),53,7200,203,450,450,monster3501106,walk,chase,,,6f65c81b1cb744c8981e0271bc28831e,540,51e044ab26ed4df381f56631e3337938,8cda47fa1e8248f8ae62283a361af7ef
3501107,밤의 파수꾼 (Night Glimmerfox),53,7200,203,450,450,monster3501107,walk,chase,,,63c819f85ea84890bc4e015ee388bbc5,540,a66584d17a4c4824abdb4e725d023c92,36b44b4077fc47b5bd25f500aa08c3a4
3501108,푸른 샘의 정령 (Blue Spring Sprite),53,7200,203,450,450,monster3501108,walk,chase,,,882af790938d427591cef1fce348e53e,540,4d3709b634404e39ad27544c912cd1f8,eac4de6c1f2c4f71b27868612682af96
3501109,깊은 샘의 정령 (Deep Spring Sprite),53,7200,203,450,450,monster3501109,walk,chase,,,25492d6e77ee486e9360e66e01c2d0d6,540,9da780770c284aedb78d9d9743966c1d,774e2e93736c4b4685560055feca6d3e
4230100,콜드아이 (Cold Eye),24,535,70,450,450,monster4230100,hop,chase,0.65,0.81,d2526bc21cab4ce8b083393bed6b3841,322,8d2fe6cfaa48476abc57f2f6b570e02f,
4230102,레이스 (Wraith),45,4800,166,450,450,monster4230102,hop,chase,0.65,0.81,15e7b98cec434b269c09e97f550921c3,480,fa97b21bee354e1180b779c5ef0b3066,
4230103,아이언호그 (Iron Hog),7,90,16,12,12,monster4230103,hop,chase,0.65,0.81,eadfe08070d343a9afafe0fd6290f1c6,195,b5794d2885614ef4bc482ea6ea1ee75b,f2dfb743f9f84037a74c904bc9ba34a0
4230125,스켈독 (Skeledog),62,12600,244,450,450,monster4230125,hop,chase,0.65,0.81,0ac80dbfd4e54d908caa008988b035e8,608,0b650a06ee004e3085ad68ebcfd03cd4,9f58aa5fb1cf4dbe9b998646b4038a74
4230126,머미독 (Mummydog),62,12600,244,450,450,monster4230126,hop,chase,0.65,0.81,0ae47d738f124c168b67cd52a3f67733,608,f953084aff1e45cda271d6db4f95c050,09ecbff8403c45a89b1d51921ac7ac17
4230400,아이언보어 (Iron Boar),57,9200,221,450,450,monster4230400,hop,chase,0.65,0.81,e6c2fd7213d44cd3a5dd5eed2e8fb1ce,570,576159ab8c50436684aabce36a4ea8ff,eaec67e7c7ea4f59a580476e170a614f
5090000,셰이드 (Shade),45,4800,166,450,450,monster5090000,walk,chase,,,4f763744e0ac49469d2305e3c73254b7,480,6762c57de4734dc2b29212e791cf18d6,bf4559913d5c45eba58193efea89fc99
5130101,스톤골렘 (Stone Golem),15,250,33,60,60,monster5130101,walk,chase,,,23761b84fca14bbfa671436791e4e0bb,255,10038a014c684fe88bc8550a8b60ecf8,
5130102,다크 스톤골렘 (Dark Stone Golem),24,465,70,450,450,monster5130102,walk,chase,,,87eea551f4aa4a44a5c83d17717f1a08,322,2d7d750260204873bd8e0f1f8d6c946b,5f543a3840b04e08a701a9957f02cd09
5130103,크로코 (Croco),47,5280,175,450,450,monster5130103,walk,chase,,,c67694cddfee4953927519e4f6e6e2c9,495,1037731cc0034d2f897a80a6abd38aca,8a24e94aee1742308a6bf3faf87db144
5150000,믹스골렘 (Mixed Golem),17,300,38,180,180,monster5150000,walk,chase,,,5d5767f9d72e4a01b818ba858e1a6ec5,270,2965518287be4e528f7a3e46ed13ca85,cc0c897de50243b4918e26338ff7ce51
5150001,스켈레톤 사병 (Skeleton Soldier),63,13400,248,450,450,monster5150001,walk,chase,,,0f7660bf15a14a379657c4f35fe10fd0,615,002df6bfe5a14b6091ba140b53dbde8a,78fb15cfb622489293a78f213a55ee31
5150002,아이스 믹스골렘 (Icy Mixed Golem),18,325,43,180,180,monster5150002,walk,chase,,,0005abfe9cd345e288a5a0faedb4b163,278,ea4285f9a1ce43bf94d504b1bd1daa4b,a7b34f58947943c588380258e282c467
5150003,파이어 믹스골렘 (Flaming Mixed Golem),19,350,47,180,180,monster5150003,walk,chase,,,c2a3c3ba031440c9bb41884706d71ebc,285,5801bccf76ff4842a511e75fb4959460,fe5f3e390dd649588a011466cadd9d64
6220000,다일 (Dyle),50,300000,189,450,450,monster6220000,walk,chase,,,002f7f9d3abc49928a922e8eb3038cf1,518,eadb0b6efee74c92bddfdcd4c5604efe,197dac41590b4541accfec6a6bd0c7b6
6230602,스켈레톤 장교 (Officer Skeleton),64,14200,253,450,450,monster6230602,walk,chase,,,8ac51c60a35d49b9a0940f41742556ea,622,94cd6d5f795e4398b667728bf636b091,67d5a0ced2bc43aea41be192960e6d14
7130103,스켈레톤 지휘관 (Commander Skeleton),65,15000,257,450,450,monster7130103,walk,chase,,,ed882269a5d543318ad73e7032632960,630,fdeaf163a6224255b9c52871d9ba0a01,2155e76eda034a6b87d65b189ffd9355
8510000,피아누스 (Pianus),110,300000,463,450,450,monster8510000,stay,static,,,207c5d6dcee243ad9a141397244ba9a9,968,0a28b0fce3754b6c96fd864400c1beb3,b5733ff11e8749599af80f91d9ddb830
9001015,쉐도우 듀어러 (Shadow Dual Blade),20,375,52,180,180,monster9001015,walk,chase,,,d6e1b792cba545d0a2afa6d78db6885a,292,7b0a33cb73ec4de5b3762c9f8e043772,ac47541aefc94c6898d628f64fb18af7
9001016,자이언트 쉐도우 (Giant Shadow Blade),25,525,75,450,450,monster9001016,walk,chase,,,7c12c303e69a41749df65014b49f4e2a,330,14ac9dd0597b4f84956b2165bbdcf189,b80e185cf8b54bda83c1fc53adef626d
9001017,쉐도우 블레이드 (Shadow Blade Lord),30,900,97,450,450,monster9001017,walk,chase,,,cf252b5f46974d33ac01d1d53b806fc3,368,bf0988dca8b94cef8e00bb4bc9c82562,882e70f11ce741eea70abac9ad602bf8
9300274,시니컬한 주황버섯 (Cynical Orange Mushroom),11,150,24,60,60,monster9300274,hop,chase,0.65,0.81,a4e381810620417694ee0f0abe7acb40,225,597cdcc11c6a470697fbe4dbcd0ab1e2,bbb71a7d0c2d401d897643ff037c647a
9300423,리프 퍼펫트리 (Puppetree),10,125,22,60,60,monster9300423,walk,chase,,,c843521c8de74b7eb73921fa033a1356,218,71de739633864995b6a11bd34ec5382f,8ec14b1360e0496a93ac694baeab599a
9300424,브라운 퍼펫트리 (Puppetree 2),11,150,24,60,60,monster9300424,walk,chase,,,0ca05325f68543869ef805bcb60e8db1,225,185aeca6e90147dfbbb2f1bc47538545,988e7efc446d4e03b65c62ef05f4af2b
9300425,플라워 퍼펫트리 (Puppetree 3),13,200,29,60,60,monster9300425,walk,chase,,,76ea162ac9fe479aaaa5f6ec34abc72d,240,177e3af597274851b4021c0be96a794c,6ca3b19b706e4e03af096f73dbcfd98e
9300736,분노한 뿔버섯 (Berserk Horny Mushroom),13,200,29,60,60,monster9300736,walk,chase,,,51b23834194a400e93949577cd8923c0,240,918eee0db98e4c1ba39030cf029f94c1,731cc3a78a4242759082970dd35457c0
2400572,좀비머쉬맘 (Zombie Mushmom),30,6000,97,450,450,monster2400572,walk,chase,0.5,0,a55d73ba7eb34794ac87ad5a961f5f92,368,1512ddf4714e4a4eb31aa79485c727b7,5da5d64a5dbe491c84c3f4bb9dbd0593
12230101,물버섯 (Water Mushroom),25,1500,75,450,450,monster12230101,hop,chase,0.65,0.81,3ee3fc0f4d2e443cbb9ec424dd2c012f,330,5e13b3b194d94f40b93f3f4447564f65,ae5e7ae00b6c4a6781868f8e80c523a7
