VillageId,Stage,TraitKey,Lv1,Lv2,Lv3,Enabled,#Note
HENESYS,SUPPRESSOR,SUPPRESSOR_ATTACK,2,2,2,true,억제기가 공격한다 · 데미지 = 포탑 데미지 표(억제기 Lv) × 2 (원문) · 사거리·쿨 = F-1 미정 → TowerConfig SUPPRESSOR 행이 0 이면 같은 Lv 포탑 값 차용
HENESYS,SUPPRESSOR,MAX_TARGETS,3,3,3,true,3마리만 공격 (원문) · 가까운 순
KERNING,TOWER,TOWER_SINGLE_MUL,5,5,5,true,원거리 단일 · 기존 데미지의 5배 (원문) · 단일 = 대상 1
KERNING,SUPPRESSOR,AURA_SPEED,0.10,0.20,0.30,true,범위 내 아군(플레이어+수비대) 이속 +10/20/30% (원문 확정) · 범위 = F-2 미정 → 컨트롤러 기본 8×3
PERION,SUPPRESSOR,REFLECT,10,10,10,true,공격 받으면 받은 피해의 10배 반사 · 플레이어 상대로도 10배 (원문) · 상한 = F-6 미정 → LaneFacility.ReflectCap 0 = 무제한
PERION,SUPPRESSOR,MAX_HP_MUL,0.5,0.5,0.5,true,2026-10-06 사용자 "페리온 억제기만 절반 · 억제기 중 가장 사기": 최대 체력 × 값(Lv별 · 행 없음 = 1배) · LaneStateService.MaxHpOf 가 읽는다
ELLINIA,SUPPRESSOR,AURA_ATK,0.10,0.20,0.30,true,S2 (사용자 2026-09-22 · B3b) 범위 내 아군(플레이어+수비대) 공격력 +10/20/30% · 범위 = AURA_SPEED 와 동일(컨트롤러 기본)
NAUTILUS,SUPPRESSOR,AURA_REGEN,25,50,100,true,S2 (사용자 2026-09-22 · B3b) 고정 25/50/100 HP/초 · 아군(플레이어+수비대) + 억제기 본인(원장 HP · FactionAuraController.RegenSelf → LaneStateService.HealFacility)
NAUTILUS,TOWER,TOWER_SPLASH,1.5,1.5,1.5,true,S2 (사용자 2026-09-22 · B3b) 값 = 폭발 반경 · 주 표적 ×2 + 반경 안의 나머지 적 ×1 · 표적 1(가까운 순) · 3발 분할(FacilityAttackFx.SplitHits)은 B3b 에서 껐다가 WO-040 3차(2026-10-02)에 다시 켬 — 발마다 주 표적 ×2/3 + 반경 안 ×1/3
NAUTILUS,CORE,MINION_STOP_X,19.815,,,true,WO-040 M3(2026-10-02 사용자: 배 좌우 길이에서 좌 1 대 우 9 지점에 도달하면 끝 · 처음엔 좌 2 대 우 8 = 20.63 이었다): 마을 통로의 미니언은 이 x 까지 걸어가 멈추고 거기서 넥서스(노틸러스호)를 계속 때린다(그 전엔 사거리에 들어도 멈추지 않는다 · FactionAI.ApproachActive). 값 = 배 그림 좌우 끝 x 19.0~27.15(Nautilus_Village_MinimiMain 에서 x 눈금 겹쳐 재 · 턱 끝 ~ 꼬리 끝)의 좌 10% = 19.0 + 0.1 × 8.15 = 19.815. 배를 옮기거나 비율을 바꾸면 이 값만 고친다. Lv2 · Lv3 칸은 비움(= Lv1)
