MotionId,SkillId,WeaponType,CoreAction,PartsAction,PlayRate,PlayType,Enabled,#Note
MOTION_SWORD_1H,,SWORD_1H,swingO1,swingO1,1,Onetime,true,한손검 기본 · 미검증(문서 후보값)
MOTION_SWORD_2H,,SWORD_2H,swingT1,swingT1,1,Onetime,true,두손검 기본 · 미검증
MOTION_BOW,,BOW,shoot1,shoot1,1,Onetime,true,활 기본 · 2026-09-08 런타임 검증 완료(활 자세 확인)
MOTION_WAND,,WAND,swingO1,swingO1,1,Onetime,true,완드 기본 · 미검증
MOTION_DAGGER,,DAGGER,stabO1,stabO1,1,Onetime,true,단검 기본 · 미검증
MOTION_CLAW,,CLAW,swingO3,swingO3,1,Onetime,true,아대 기본 · 미검증 · 아대는 던지기 계열일 수 있다
MOTION_KNUCKLE,,KNUCKLE,swingO1,swingO1,1,Onetime,true,너클 기본 · 미검증
MOTION_SK_W11_SWORD_1H,SK_W11,SWORD_1H,alert,alert,1,Onetime,true,파워 스트라이크 시전 순간 = 전투 자세(alert · 충전 섬광 동안 검을 들고 멈춤) · 2026-09-13 B 추가(스킬별 행 · 협업-규칙 §2-1 행 추가) · 원작 영상 기준 2단 콤보(SkillExecutors.ExecutePowerStrikeCombo 가 0.2s 뒤 SK_W11_1 · 0.75s 뒤 SK_W11_2 재생)
MOTION_SK_W11_SWORD_2H,SK_W11,SWORD_2H,alert,alert,1,Onetime,true,파워 스트라이크 시전 순간 두손검 = alert
MOTION_SK_W11_1_SWORD_1H,SK_W11_1,SWORD_1H,swingO1,swingO1,1,Onetime,true,파워 스트라이크 1단 = 내려찍기(swingO1) · 실행기가 0.2s 에 PlaySkill(SK_W11_1)
MOTION_SK_W11_1_SWORD_2H,SK_W11_1,SWORD_2H,swingT1,swingT1,1,Onetime,true,파워 스트라이크 1단 두손검 = 내려찍기(swingT1 · 팩 afterimage/swordTL/swingT1)
MOTION_SK_W21_SWORD_1H,SK_W21,SWORD_1H,heal,heal,1.5,ZigzagLoop,true,하이퍼 바디 시전 = 손을 반복해서 들어 올리는 동작(heal 1.5배속 ZigzagLoop · 팔이 위아래로 계속 움직임) → 1.0s 뒤 SK_W21_2 빠른 전투 자세 → 1.6s 뒤 SK_W21_END 서 있기 · 2026-09-13 사용자 제보 ① "alert 만 쓰면 몬스터 충돌(HIT = alert) 때와 같고 정적" ② "한 번 들기는 너무 미묘 · 공격 동작은 말고 더 눈에 띄게" → 반복 들기 · 원작 버프 자세(alert2)는 아바타에 없음
MOTION_SK_W21_SWORD_2H,SK_W21,SWORD_2H,heal,heal,1.5,ZigzagLoop,true,하이퍼 바디 두손검 · heal
MOTION_SK_W21_2_SWORD_1H,SK_W21_2,SWORD_1H,alert,alert,2.5,ZigzagLoop,true,하이퍼 바디 2단 = 빠른 전투 자세(alert 2.5배속 왕복 · 피격 HIT 의 1배속 alert 와 구분) · SkillExecutors.GetMotionSequence 가 1.0s(불굴의 진 1.5s)에 재생
MOTION_SK_W21_2_SWORD_2H,SK_W21_2,SWORD_2H,alert,alert,2.5,ZigzagLoop,true,하이퍼 바디 2단 두손검 · alert 2.5배속
MOTION_SK_W22_SWORD_1H,SK_W22,SWORD_1H,heal,heal,1.5,ZigzagLoop,true,도발 시전 = 손을 반복해서 들어 올리기(heal 1.5배속 ZigzagLoop · "덤벼라") → 1.0s SK_W22_2 빠른 전투 자세 → 1.6s SK_W22_END
MOTION_SK_W22_SWORD_2H,SK_W22,SWORD_2H,heal,heal,1.5,ZigzagLoop,true,도발 두손검 · heal
MOTION_SK_W22_2_SWORD_1H,SK_W22_2,SWORD_1H,alert,alert,2.5,ZigzagLoop,true,도발 2단 = 빠른 전투 자세(alert 2.5배속 왕복)
MOTION_SK_W22_2_SWORD_2H,SK_W22_2,SWORD_2H,alert,alert,2.5,ZigzagLoop,true,도발 2단 두손검 · alert 2.5배속
MOTION_SK_W31_SWORD_1H,SK_W31,SWORD_1H,heal,heal,1.5,ZigzagLoop,true,불굴의 진 시전 = 손을 반복해서 들어 올리기(heal 1.5배속 ZigzagLoop · 시전 락 1.5s 동안) → 1.5s SK_W31_2 빠른 전투 자세("진") → 5.5s(컷신 ≈4.8s 가 걷힌 뒤) SK_W31_END 서 있기 · 오리진 원작 동작은 아바타에 없음
MOTION_SK_W31_SWORD_2H,SK_W31,SWORD_2H,heal,heal,1.5,ZigzagLoop,true,불굴의 진 두손검 · heal
MOTION_SK_W31_2_SWORD_1H,SK_W31_2,SWORD_1H,alert,alert,2.5,ZigzagLoop,true,불굴의 진 2단 = 빠른 전투 자세(alert 2.5배속 왕복)
MOTION_SK_W31_2_SWORD_2H,SK_W31_2,SWORD_2H,alert,alert,2.5,ZigzagLoop,true,불굴의 진 2단 두손검 · alert 2.5배속
MOTION_SK_W21_END_SWORD_1H,SK_W21_END,SWORD_1H,stand1,stand1,1,ZigzagLoop,true,하이퍼 바디 뒤 서 있기 복귀(한손 무기 stand1 · 안 넣으면 alert 왕복이 움직일 때까지 계속된다)
MOTION_SK_W21_END_SWORD_2H,SK_W21_END,SWORD_2H,stand2,stand2,1,ZigzagLoop,true,하이퍼 바디 뒤 서 있기 복귀(두손 무기 stand2)
MOTION_SK_W22_END_SWORD_1H,SK_W22_END,SWORD_1H,stand1,stand1,1,ZigzagLoop,true,도발 뒤 서 있기 복귀
MOTION_SK_W22_END_SWORD_2H,SK_W22_END,SWORD_2H,stand2,stand2,1,ZigzagLoop,true,도발 뒤 서 있기 복귀(두손)
MOTION_SK_W31_END_SWORD_1H,SK_W31_END,SWORD_1H,stand1,stand1,1,ZigzagLoop,true,불굴의 진 뒤 서 있기 복귀
MOTION_SK_W31_END_SWORD_2H,SK_W31_END,SWORD_2H,stand2,stand2,1,ZigzagLoop,true,불굴의 진 뒤 서 있기 복귀(두손)
MOTION_SK_M11_WAND,SK_M11,WAND,swingO2,swingO2,1,Onetime,true,에너지볼트 = 완드 머리 위 휘두르기(swingO2 · 원작 마법사 공격 스윙 계열 · 기본 공격 swingO1 과 구분) · 2026-09-13 사용자 요청 공격 스킬 = 공격 동작 · 원작 WZ action 값(swingO1/O2)은 색인 오프라인이라 미확인
MOTION_SK_M13_WAND,SK_M13,WAND,heal,heal,1.5,ZigzagLoop,true,텔레포트 시전 = 전사 버프와 같은 순서(2026-09-13 사용자 요청 · 공격 동작 아님) · 손을 반복해서 들어 올리기(heal 1.5배속 ZigzagLoop) → 0.75s SK_M13_2 빠른 전투 자세 → 1.2s SK_M13_END 서 있기 · 이동 스킬은 전용 행이 있을 때만 재생(SkillCaster.HasOwnMotionRow · 행이 없으면 완드 기본 스윙으로 폴백하므로 생략) · 원작 텔레포트는 몸 동작 없음 · 연속 시전(쿨 1s)이면 이전 순서 타이머는 취소(SkillExecutors.PlayMotionSequence)
MOTION_SK_M13_2_WAND,SK_M13_2,WAND,alert,alert,2.5,ZigzagLoop,true,텔레포트 2단 = 빠른 전투 자세(alert 2.5배속 왕복 · 피격 HIT 의 1배속 alert 와 구분) · GetMotionSequence 가 0.75s 에 재생(시전 모션이 클라에 보이기까지 +0.3s)
MOTION_SK_M13_END_WAND,SK_M13_END,WAND,stand1,stand1,1,ZigzagLoop,true,텔레포트 뒤 서 있기 복귀(1.2s · 완드 = 한손 stand1)
MOTION_SK_M21_WAND,SK_M21,WAND,heal,heal,1.5,ZigzagLoop,true,텔레포트 강화 = 텔레포트와 같은 순서(heal 1.5배속 왕복 → 0.75s SK_M21_2 → 1.2s SK_M21_END)
MOTION_SK_M21_2_WAND,SK_M21_2,WAND,alert,alert,2.5,ZigzagLoop,true,텔레포트 강화 2단 = 빠른 전투 자세(alert 2.5배속 왕복)
MOTION_SK_M21_END_WAND,SK_M21_END,WAND,stand1,stand1,1,ZigzagLoop,true,텔레포트 강화 뒤 서 있기 복귀
MOTION_SK_M22_WAND,SK_M22,WAND,heal,heal,1.5,ZigzagLoop,true,매직 가드 시전 = 손을 반복해서 들어 올리기(heal 1.5배속 ZigzagLoop · 시전 락 0.6s 동안) → 1.0s SK_M22_2 빠른 전투 자세 → 1.6s SK_M22_END 서 있기 · 전사 버프(하이퍼 바디)와 같은 순서 · 원작 버프 자세(alert2)는 아바타에 없음 · 2026-09-13 alert Onetime 에서 변경
MOTION_SK_M22_2_WAND,SK_M22_2,WAND,alert,alert,2.5,ZigzagLoop,true,매직 가드 2단 = 빠른 전투 자세(alert 2.5배속 왕복 · 피격 HIT 의 1배속 alert 와 구분) · SkillExecutors.GetMotionSequence 가 1.0s 에 재생
MOTION_SK_M22_END_WAND,SK_M22_END,WAND,stand1,stand1,1,ZigzagLoop,true,매직 가드 뒤 서 있기 복귀(완드 = 한손 stand1 · 안 넣으면 alert 왕복이 움직일 때까지 계속된다)
MOTION_SK_M31_WAND,SK_M31,WAND,heal,heal,1.5,ZigzagLoop,true,대마법 충전 = 전사 불굴의 진과 같은 순서(2026-09-13 사용자 요청 · 공격 동작 아님) · 손을 반복해서 들어 올리기(heal 1.5배속 ZigzagLoop · CSV Duration 2초 충전 동안 기 모으기) → 2.0s SK_M31_2 폭발 순간 빠른 전투 자세 → 5.5s SK_M31_END 서 있기 · 프로즌 라이트닝 컷신이 아바타를 덮는 동안은 안 보일 수 있음(미검증) · 2026-09-13 alert Onetime 에서 변경
MOTION_SK_M31_2_WAND,SK_M31_2,WAND,alert,alert,2.5,ZigzagLoop,true,대마법 2단 = 폭발 순간 빠른 전투 자세(alert 2.5배속 왕복 · 전사 버프의 2단과 같음 · swingO3 공격 동작에서 2026-09-13 변경) · GetMotionSequence 가 2.0s(= CSV Duration 충전 끝 = ExecuteBlast 시점)에 재생
MOTION_SK_M31_END_WAND,SK_M31_END,WAND,stand1,stand1,1,ZigzagLoop,true,대마법 뒤 서 있기 복귀(5.5s · 컷신이 걷힌 뒤 · 시전 락 3.5s 뒤 움직이면 그 즉시 풀림)
MOTION_SK_A21_BOW,SK_A21,BOW,shoot2,shoot2,1,Onetime,true,스나이핑 = 조준 사격(shoot2) · 더블 샷은 활 기본 shoot1 그대로
MOTION_SK_A31_BOW,SK_A31,BOW,shootF,shootF,1,Onetime,true,폭풍의 화살 컷신 = shootF
MOTION_SK_T21_CLAW,SK_T21,CLAW,alert,alert,1,Onetime,true,다크 사이트 = alert · 럭키 세븐은 아대 기본 swingO3 그대로
MOTION_SK_T22_CLAW,SK_T22,CLAW,alert,alert,1,Onetime,true,쉐도우 파트너 = alert
MOTION_SK_T31_CLAW,SK_T31,CLAW,alert,alert,1,Onetime,true,메소 익스플로전 컷신 = alert
MOTION_SK_P11_KNUCKLE,SK_P11,KNUCKLE,swingPF,swingPF,1,Onetime,true,섬머솔트 킥 = 너클 피니시(swingPF) · 미검증 후보 · 너클 기본 행 swingO1 은 A 행이라 두었다(swingP1 권장)
MOTION_SK_P21_KNUCKLE,SK_P21,KNUCKLE,alert,alert,1,Onetime,true,슈퍼 트랜스폼 변신 = alert
MOTION_SK_P21_RECAST_KNUCKLE,SK_P21_RECAST,KNUCKLE,swingP2,swingP2,1,Onetime,true,슈퍼 트랜스폼 변신 중 재시전(주먹) = swingP2 · SkillCaster 가 재시전 때 <SkillId>_RECAST 로 조회
MOTION_SK_P22_KNUCKLE,SK_P22,KNUCKLE,alert,alert,1,Onetime,true,에너지 쉴드 = alert
MOTION_SK_P31_KNUCKLE,SK_P31,KNUCKLE,alert,alert,1,Onetime,true,함포 사격 컷신 = alert
MOTION_SK_W11_2_SWORD_1H,SK_W11_2,SWORD_1H,stabOF,stabOF,1,Onetime,true,파워 스트라이크 2단 = 찌르기(stabOF · 팩 afterimage/swordTS/stabOF) · 실행기가 0.75s 에 PlaySkill(SK_W11_2)
MOTION_SK_W11_2_SWORD_2H,SK_W11_2,SWORD_2H,stabOF,stabOF,1,Onetime,true,파워 스트라이크 2단 두손검 = 찌르기(stabOF · 팩 afterimage/swordTL/stabOF)
